Classifier,Accuracy,Precision,Recall,F1_Score,AUC_Score,CV_Score,Best_Params,Supports_Probability
Decision_Tree,0.5172413793103449,0.5156739811912225,0.5172413793103449,0.4936844764430971,0.6557669441141498,0.5391304347826087,"{'clf__criterion': 'gini', 'clf__max_depth': 10, 'clf__min_samples_split': 2}",True
Random_Forest,0.5172413793103449,0.5095785440613028,0.5172413793103449,0.5106709240369963,0.7645659928656361,0.5391304347826087,"{'clf__max_depth': 7, 'clf__min_samples_split': 5, 'clf__n_estimators': 200}",True
KNN_Coarse,0.41379310344827586,0.3866995073891626,0.41379310344827586,0.38780609695152424,0.6099881093935791,0.5043478260869565,"{'clf__n_neighbors': 30, 'clf__weights': 'distance'}",True
AdaBoost,0.4482758620689655,0.4486677115987461,0.4482758620689655,0.4477929102675553,0.6765755053507729,0.5478260869565218,"{'clf__learning_rate': 1.0, 'clf__n_estimators': 50}",True
