Classifier,Accuracy,Precision,Recall,F1_Score,AUC_Score,CV_Score,Best_Params,Supports_Probability
SVC,0.1875,0.15000000000000002,0.1875,0.16666666666666666,N/A,0.21923076923076926,"{'clf__C': 0.001, 'clf__gamma': 'scale', 'clf__kernel': 'rbf'}",False
KNeighbors,0.625,0.5595238095238095,0.625,0.5746753246753247,0.8098958333333335,0.782051282051282,"{'clf__n_neighbors': 5, 'clf__weights': 'distance'}",True
RandomForest,0.625,0.5595238095238095,0.625,0.5746753246753247,0.7897135416666667,0.782051282051282,"{'clf__max_depth': None, 'clf__min_samples_split': 2, 'clf__n_estimators': 100}",True
LogisticRegression,0.4375,0.3833333333333333,0.4375,0.3984126984126984,0.6145833333333333,0.34102564102564104,"{'clf__C': 10, 'clf__penalty': 'l2', 'clf__solver': 'liblinear'}",True
